tx_hash_prefix,tx_hash,fee,energy_usage,energy_fee,origin_energy_usage,energy_usage_total,net_usage,net_fee,result,energy_penalty_total,partition
d29f4,92d29f463b94013e26298239e921e88cf8a978e1fd58a35acdf4cabdd1ae9207,12761040,0,12416040,2333,31895,0,345000,1,345000,500
a6ddd,eca6ddd9c9cf5c7ea524233390ca6a980933b17a76604cf3052e7c01ecc66851,0,0,0,0,0,268,0,0,0,500
7f80e,ae7f80ef88f1cf04fbf91a78a81ba194679d3ec3ae569c697ade3f2646fe5658,0,0,0,0,0,265,0,0,0,500
84867,5884867472b5e0c71ddcb63e53f8548ab8614350b425081fa8a52f612e9e7ce1,0,0,0,0,0,283,0,0,0,500
9fbfb,779fbfb6c6206cff29f0aa8f436380052d39d47051ad0ab0d2cf1254a744b7bd,0,0,0,0,0,269,0,0,0,500
e03b8,a2e03b856bf08a0fb44d8f7b7fae0bb85f75694949e9c83a735603b02f5f3a1b,13395900,0,13395900,0,31895,345,0,1,0,500
0f16a,520f16a597144c83a104a424a8cf5b8a6e22d4721d5b27ff62ccb7c0494cb9aa,0,0,0,0,0,265,0,0,0,500
427c6,1a427c6b12cc948018bf9eda9666a641b3d40c78dd644846d8f7b29ffc5abec1,0,0,0,0,0,265,0,0,0,500
359a6,bb359a627a848c0dac861f89193a712b9fd8d9772a879079ebb103f5510f64d5,0,0,0,0,0,265,0,0,0,500
15454,e915454e6de8c557055b3d293e3959e082eccc21dcf326c71b7990aaf7083abc,0,0,0,0,0,265,0,0,0,500
83550,4683550108ae2f65838ed779e34f97b01da8821a8278f603aefaa91b84e34fc4,0,0,0,0,0,265,0,0,0,500
6e2e1,e56e2e15bf538cae28235143f1f04e68aae346ffc2ba484d6279a783961a4306,0,32838,0,0,32838,280,0,1,0,500
888a3,56888a336e2e0c64bba8e430715b41b74e1037dab420aebbffd3e2e3f526ecb7,13395900,0,13395900,0,31895,345,0,1,0,500
f0d2c,cdf0d2ca3f023832b2ed50682ceeed8929cc0055e6e907844b2448552e11f20b,0,0,0,0,0,274,0,0,0,500
981e7,90981e71a4ebe5817b26856cbf51ef13c4a0d5ecdde460b9fd2e8ed208728958,0,0,0,0,0,280,0,0,0,500
cb6be,c3cb6bed3d46b8230a969ac94853c34e45a60c86b8a430155566ba9c9a1318e8,0,0,0,0,0,268,0,0,0,500
d3fcc,f0d3fccae4edb2d4cde1bd4953b222d693f49b1fa6b7d93ab5e8eb615b5faebb,0,31895,0,0,31895,345,0,1,0,500
54c51,da54c51fed8a233c526bfbb8ff4bdc3f7cd80fbc55fff80299a971719f709a3d,0,0,0,0,0,265,0,0,0,500
d1bf1,89d1bf14a6aa8aba6c11e0647e9239d003be390015945fb85c10e263f0116d22,0,0,0,0,0,265,0,0,0,500
90381,c990381cad8ec58bc1acf309689c365f817e063f1db1f377ec63ed5184e301f0,0,0,0,0,0,265,0,0,0,500
ffe42,99ffe4240718ee28c253a008e913f9743e00ee49a8730d013aff7ebd983209dd,0,0,0,0,0,265,0,0,0,500
4d1ee,a24d1ee2df5544f9ec9fa40f17fbdc3c091cbb38d297ac5bf6e29e62aca338ac,0,0,0,0,0,265,0,0,0,500
1f71f,e51f71f6c7a2a9a78d19037ba227d6b0f880506915201381ab7e342ece65a077,0,0,0,0,0,268,0,0,0,500
ed415,9ced4151098ae8e2142e893b5a30a1ef017c712c808078ac0372d640adec6047,0,0,0,0,0,265,0,0,0,500
8479c,638479cdf969aa4973864a7afbaecc020d054d291ae8a113b17092626af1be43,0,0,0,0,0,283,0,0,0,500
82b27,2b82b27cb687ef58fa9a1469e67f78bc57067d68a0c63fdc12f397a3dc112d3d,0,0,0,0,0,257,0,0,0,500
9fc55,3d9fc55d52789d1e4762e1ee94d76b89c551141a66118ff1427b689fc3e07624,0,0,0,0,0,275,0,0,0,500
b5eae,e6b5eae84cb69c7d4a9d11c8f2f1175824beb5e9675d083143ffcd7f7e8f2259,0,0,0,0,0,280,0,0,0,500
ee9f2,9fee9f22c1d63f0cdede3807fb386d38bab2d482aafabff376548d0a1c53e275,0,0,0,0,0,265,0,0,0,500
79e77,9979e778d6ac5654736c52285e1940ebdd592e06fedc2a68c3e0ae029bc71d83,0,0,0,0,0,265,0,0,0,500
c3c4c,0fc3c4c3fa9d9f2e9dca39f70950c6eff0265d27b364e66cb0baaa5c7595cb93,27255900,0,27255900,0,64895,345,0,1,0,500
97081,9a97081e9562f98f10f2a34595dfe0e891b40e6ad955d7dcaae51821c9d8c8cf,13740900,0,13395900,0,31895,0,345000,1,345000,500
b2392,ffb239290f9ac79b58110d0c9e720a97dd7e22b0d6d5ca93a9b657a8377249fc,0,0,0,0,0,265,0,0,0,500
7dd1f,b47dd1fdbe1524f05bbcb164adbea59a25a2c26717fc71e31f0d6dd511f20b38,0,0,0,0,0,265,0,0,0,500
81595,5681595c0d0ea38cb950d098b65b4079455897c719fd9afdf384ffcbd74725bb,0,0,0,0,0,265,0,0,0,500
30e8a,a330e8adefb8bf8a0371b0696b71138a6053dc7f0e4bb0fc35b7b1c37e4e54a1,271000,0,0,0,0,0,271000,0,271000,500
bf433,eabf433a3eef6f4df6b9abb5fb54528dae53fb6b70d0b6f8fde185fe66dcc3df,1000000,0,0,0,0,274,0,0,0,500
cf2fb,3ccf2fb489463b072a88ebefed7f1cc5b24cf2ea7816ba80441dce4892d15857,0,0,0,0,0,265,0,0,0,500
2e7b2,372e7b220257641cda2bc6f2a506331a1a934b7618f656ea41e6de6a790b759f,0,0,0,0,0,280,0,0,0,500
4664f,1d4664ffc6bfb70ace3d82fef46406b7856fb45a02f4d599de0b8cfcc6010342,2100000,0,0,0,0,0,100000,0,100000,500
3904c,343904cf7fbb5d49415a0f70c469058e41514406e2da429cbcea6cf722a6b42a,0,0,0,0,0,276,0,0,0,500
c214a,40c214ade1a4fbe24490540329d1e601cfee7b1b98f059768b5700a449e27e75,0,0,0,0,0,265,0,0,0,500
d67c4,57d67c43e8b572ad6460c0f7967c6f382cef3dda12b90721e0a1c091b402571e,0,0,0,0,0,283,0,0,0,500
e2d4e,c2e2d4ece83061a1c8d8fba1af15def5cd69737433bb6f5d930af8bec2356e30,0,64895,0,0,64895,345,0,1,0,500
6c059,7f6c059ba26a01e9d6d3fc8254ac0785fe8eff0d0aa6811e7d05622e22617369,269000,0,0,0,0,0,269000,0,269000,500
fa0bf,71fa0bf021776a283bb735b7743893f0ce965541064c9edb4d6945edd1c065fa,268000,0,0,0,0,0,268000,0,268000,500
26ec7,be26ec7080e15cdf261a7340ad0f83200f703d474ff748beb6a5d33fac5e5f6e,0,0,0,0,0,265,0,0,0,500
feb39,cdfeb39cad0c461a121ba6e898152cc3f00c2b9906ff4c21a3d6d4e59f38cdfc,0,0,0,0,0,275,0,0,0,500
937e6,1c937e663be71c499cb33eec058a6185c964360dde5111a97d828a5523454128,0,0,0,0,0,265,0,0,0,500
2db61,992db61e6ecea2a818f8e62a13c8c4ebd1d7364e4ab5278020f6caad05678c28,0,31895,0,0,31895,345,0,1,0,500
4f4de,5f4f4de26102ad4c99688c36684ea6813ae8d62b1b92b096b5176212431a473c,13740900,0,13395900,0,31895,0,345000,1,345000,500
390b8,89390b825e32f83ee55df4153e8ae518d74c0fd0ce43d2321cee47a25f772283,13740900,0,13395900,0,31895,0,345000,1,345000,500
31ebf,ac31ebf6b77ecb6e172ee87ceb7aec0576a85d3a537acada994e37fe766a5bb5,0,64895,0,0,64895,345,0,1,0,500
68b92,af68b9231fc236b29152cca1c2449e55a61da0afa50b14c554637da09c7afd03,0,0,0,0,0,265,0,0,0,500
22375,3122375bf3a9e5a7b20143da3b8a243b9301eb7c84379bfe4505d9019b07b10b,0,0,0,0,0,265,0,0,0,500
a7035,b1a7035f58ed30178427255e55b1d143fa4796756eb24ca7babb10602e9c8215,13395900,0,13395900,0,31895,345,0,1,0,500
c4a15,6dc4a155ccc39f91d4bd93b1f44afde346748da5091f3de2a134138559ed9a4f,0,0,0,0,0,268,0,0,0,500
be61a,7dbe61aacb72e3c98f12a69b3396ccbc0dcfdcb3595e22b7e909afaa42c0c0f4,0,0,0,0,0,283,0,0,0,500
a773a,04a773a26273f138036bda1da047bd35802029a9b4e7c3dea39e93bc1b09b004,345000,31895,0,0,31895,0,345000,1,345000,500
a9177,c5a917711d50af709dd713c288bfd540d0bc8d4ceca43bd6ee05b6c78ecddc9c,0,0,0,0,0,265,0,0,0,500
3654b,3e3654bb27f8222a66d67227f8d878cfc93887801c363e064c1131d8417678f9,0,0,0,0,0,265,0,0,0,500
e1abc,3ee1abcd0c4ce90c7cf82e9b3864508a4332f0d15929e6d8990fc64281f25468,0,0,0,0,0,265,0,0,0,500
76d32,f576d328c505fb1fc0893dcc18e889a5a212115fe79ea7faf6764db872364bb9,0,0,0,0,0,265,0,0,0,500
fc559,5bfc55912dc95cf27096556c76f05be24bdc81261aea3a162c939d0e6ef2118c,0,0,0,0,0,265,0,0,0,500
197bd,18197bd2864ef1ac37287d12250cfb6bc7a738127970f285371311cc8f9567b0,378000,44228,0,0,44228,0,378000,1,378000,500
b3b98,cab3b983bef1c3447c3040f92511f88b5d555a2671dc74a03c5f24efaf85e509,0,0,0,0,0,265,0,0,0,500
9fc74,e29fc74c4e946b7cae594ac82ccf785c37e94586e7f743e8d2df8862ffb5680c,0,64895,0,0,64895,345,0,1,0,500
58a1f,f458a1facefd0bfc772a13674fd157dc437f9480b3b53126b19f5b97d39a6598,268000,0,0,0,0,0,268000,0,268000,500
490c2,03490c2ecfea54a29534938d36176c59a9f3812b688750420b4ed2f10487151c,0,0,0,0,0,265,0,0,0,500
d25f0,9cd25f041bb566ad1d78587b4dab3aa1bbff4c5dc17d6ec6f9e889332253e3a6,0,0,0,0,0,265,0,0,0,500
970a3,8a970a3d2f731c947488abdee35b2a7fdec4543a61b2d882bf3ff417c1269f66,0,0,0,0,0,265,0,0,0,500
f3ff1,c0f3ff1d7e0c5f38ae38d264da5f3cc11e1d42a58a978f2e7a17383f2d0ec4ef,0,0,0,0,0,265,0,0,0,500
d5695,61d56959b5ba8533f98f6d4bcd9066a87aed25b8f6ba97524d83ad9a550c43d1,0,0,0,0,0,265,0,0,0,500
f8090,d7f8090b9698f9566df5a8e4927403350206e96b565dc9bf0f817219f50c2632,0,0,0,0,0,265,0,0,0,500
68a17,7f68a1763158e3eab8a43611a58b6ec5dc6cf5a0ca766a54e6b82a26ee69c2ed,0,0,0,0,0,268,0,0,0,500
739c5,25739c548903501201c87e82a8b60f200ba717202a269dbb6760cd23b296c619,0,31895,0,0,31895,345,0,1,0,500
6e46b,fa6e46b934c672d27ce9586c8a6e3be3dbbd55c58097f346160dcba5cffbe00a,0,0,0,0,0,268,0,0,0,500
47993,c947993671baf6231b70faf44d4c674f22ed658d465ee862dde6267be6509b1f,0,0,0,0,0,268,0,0,0,500
cc027,59cc02792dfd5ffcf4882aaaf7b60ea66d298c37798740811eff708fe4442d40,0,0,0,0,0,268,0,0,0,500
c6493,6cc649379388cce9526ec7467c2595bce5002dc7c36c0d516176413958652ddb,0,0,0,0,0,265,0,0,0,500
fac90,84fac90c7badd7805603924dcbc8bccff3c9bf48b264e802f160aad312fff407,0,0,0,0,0,265,0,0,0,500
9144c,f59144c8bbb366e4001379f34254ff3786c27c983bb216d03ff2ceac3d129a01,0,0,0,0,0,265,0,0,0,500
0a0ad,850a0adfbdc2f26501e7e57a5b57595540818e9658d6b9efbee57c1fcbd40ab4,0,0,0,0,0,265,0,0,0,500
1f6e2,461f6e2e3ad959b551b7419fbb58c6bd2e096432eae4e75984ca61b07ef165aa,0,0,0,0,0,265,0,0,0,500
83f51,4783f514854cd4b333777e3cab69d56b6b4ecbec46a1ead5b6bb83db519efa5c,0,0,0,0,0,265,0,0,0,500
d18bd,65d18bda7ea643e06c154150c7c62b434c2234b66eb4cadcbaf339e1bf8b042f,0,0,0,0,0,265,0,0,0,500
703d4,ba703d47080f79d5ac880d169c856bc0f0870e8590fbb6a9074a49fbf33fd8e8,0,0,0,0,0,265,0,0,0,500
059ff,01059ff2ee9b626e0debfb39b462fd8030ebe88a35dde3d58eab2caf10d18d78,267000,0,0,0,0,0,267000,0,267000,500
e09db,dfe09db1a92a3a1380a94b2e705756e0a3601e06c39e63d0072f1f598033e21f,1000000,0,0,0,0,269,0,0,0,500
fdbe9,e8fdbe9907d3e745c0827a1e5346b8859e1b0b06c136c0aca3202f0689b591c9,0,0,0,0,0,265,0,0,0,500
8c33b,928c33bfe40c2d519a4d4267a033dcf5dd97ad55838b244580463b89be221ff3,0,0,0,0,0,265,0,0,0,500
bb26c,8abb26cdffd409795aa3cce559d2e1160e6e8fed66487f889a488b124994d42c,0,0,0,0,0,265,0,0,0,500
bbd60,c5bbd60a90fc14573d7ca3e7c1ff7d443206f58fceac0463aecb36a04948a45a,0,0,0,0,0,265,0,0,0,500
cd083,54cd083168b6de2efb82a7c417a859d6d2d85217cec16ce5f94aa362af4cb956,0,0,0,0,0,265,0,0,0,500
5a2d6,cb5a2d6a103edb386af2abfa64bb0325088fef8e235b6468fdee248f2803b7a6,0,0,0,0,0,265,0,0,0,500
7c547,507c54708adb2f8b0e3ef7bffa2fe68c6df36125a886fbe1993c07ac01c357a2,0,0,0,0,0,265,0,0,0,500
b5c76,55b5c7625b0b1beb458bc9672d813101560c1b3466792441ab80fdb5e89aef2d,0,0,0,0,0,265,0,0,0,500
cb0d9,95cb0d92c0b9a5697d3c56df81be04d7f6ac138bb72fcbfb57da3db6294ca636,13395900,0,13395900,0,31895,345,0,1,0,500
0b927,f90b927945939fc0ed0a765a2d70f7f1f3ed879009c32fe286814f16965a9c2e,0,0,0,0,0,265,0,0,0,500
5619e,665619e2c68859196eeab35755569055f0f4a76989ff5119ba90880767231b0a,0,0,0,0,0,265,0,0,0,500
5086e,c15086e8695429fc0fda31c7ede6f1a44bd7595a03f4de9ea31f52a32308af88,0,0,0,0,0,265,0,0,0,500
63de8,db63de85469c2dd5d93a0b0c975ade515f0a3f7c198164855ff7804efc92ae91,0,0,0,0,0,265,0,0,0,500
6753f,926753f1e1b042ffd19bb1887dd83540b3f7c71bf2df9c4783544f9d925138e1,0,0,0,0,0,265,0,0,0,500
8bc54,538bc5424043b987c03a6f1ee202b2a0647bc14302dc53683bf15fe974fbc647,345000,31895,0,0,31895,0,345000,1,345000,500
467e2,9e467e23539cb2eb1ae00e821ee0711abfae29c3ae48bdcf8fd041062edfdd6f,0,0,0,0,0,265,0,0,0,500
e34fa,cde34fab367457e522e43881ca9759070fd5c90cb876bf95f40966a734c3a937,273000,0,0,0,0,0,273000,0,273000,500
080c4,b4080c4af5b5f066aef78b22b056e7c36b1927c3e1d3e02b892647012adb3a12,0,0,0,0,0,268,0,0,0,500
c8942,41c894296985d3ed58722f7ec279b2fa9ac19b75a99efcbd8cb100379306a91f,0,0,0,0,0,265,0,0,0,500
3da59,623da5928d2839a0241f78477c75b6e1403ebcbd11b01d93cf505799976715db,0,0,0,0,0,265,0,0,0,500
325e8,3a325e846943817053281488f6c80c331fffeb64d032ab6019fda918eb1f3de9,0,0,0,0,0,265,0,0,0,500
e66f8,4ce66f8483ed855a20ad57a87ffb0ddd515b033f141c829c35e9bd76038a10cc,0,0,0,0,0,265,0,0,0,500
4e359,b64e359aab9744fc3808e0bd0cc2c40ebd74623d5110abbb10e930af2713e130,97020,31664,97020,0,31895,345,0,1,0,500
e5cbb,ffe5cbb4b82d6169e336953df686c090b808409245124204d6973878df4b67e9,0,31895,0,0,31895,345,0,1,0,500
b3d19,bab3d19bfa7705045922b4babf69888f3ff09864238c34b5f82420b246b0d1f1,0,0,0,0,0,265,0,0,0,500
58ffa,5b58ffab98496b277ce8268c07e9e17af308f9f48424f5a6a8caa09d8a4b5cfa,7702140,14378,7357140,0,31895,0,345000,1,345000,500
efb59,73efb5981aa4adec5b049bcdc6dd08a56b56d930c81533d81cb308b4ac8cb5d0,7154880,48681,6809880,0,64895,0,345000,1,345000,500
e35ef,99e35efb0aca064a0ca6a9dd1aeae4e1b12f0eacc0bb09b8dc9a91ffb57c9c3c,378000,0,0,2264,2264,0,378000,1,378000,500
ccf04,1dccf040e905d16130d1da5b3fa40b016256076048ae341c74879c6d5ba4d129,0,31895,0,0,31895,345,0,1,0,500
2acb2,f92acb2f8493e4a868f2a4e635f5d0cb97e672a0d3508889317b8b5ec45d6510,5665380,0,5665380,0,13489,345,0,1,0,500
3116b,273116bc6a65ef731194913342609ba023dfea7eae65d7968495d8211470a25e,0,31895,0,0,31895,345,0,1,0,500
946ea,af946ea43f829b4f5daf727584aaa9c3b45d1f14df1e7809076b64f3c79a2f6d,13395900,0,13395900,0,31895,345,0,1,0,500
46174,ec46174f3785c8638e08da5730283b3da92efae4440166e8e63020f3fff13803,13395900,0,13395900,0,31895,345,0,1,0,500
6a12f,7a6a12f067fe8ebe9779cc9e7271cfe5ec73005ea8474057c9dd6f9aed232faa,0,64895,0,0,64895,345,0,1,0,500
8299b,b78299bd97827d49b3d5709a65617f7a6f9bb8326cdbd0c840d9e9c45819e573,0,0,0,0,0,283,0,0,0,500
0f906,150f90614813e02e5f2bc34bff3db63d9bb729d1e9e2e99583863c9b7977fff0,0,0,0,0,0,265,0,0,0,500
c9750,05c975008ae776beebc541c68102fffff9c27a54138685b9b628b8269cc40886,0,0,0,0,0,265,0,0,0,500
2d8c3,5c2d8c3028f603935841a3583fb165020dbcf769b19f4f780898d31dfc0fcade,0,0,0,0,0,265,0,0,0,500
a37bc,14a37bc7091155debb8481a488bf1db8845e708fefefa575c46711a25eee21cb,0,0,0,0,0,265,0,0,0,500
88423,78884233ef5749abace66b2e913bfe8ae6b97f0c1271fa7494cd768cb590fe6b,0,0,0,0,0,265,0,0,0,500
52a7e,9b52a7e65d479255b78e97d220c7f5834a1eb6de922579704678210a31d5ba8f,13740900,0,13395900,0,31895,0,345000,1,345000,500
8df89,308df8991fe74081adbfe818ba49c68a41e723bf82bf206523c559b221e50f78,27600900,0,27255900,0,64895,0,345000,1,345000,500
9a5c8,c49a5c8c781abb5a87158f31c22a54c489cc9e61093d34aee584d79848ae17df,271000,0,0,0,0,0,271000,0,271000,500
7c164,a87c16434fddff592eda865d0e774eda18f396e5fda97468bee4d2dec9d207a9,13395900,0,13395900,0,31895,345,0,1,0,500
e15ea,50e15ea7fff5b552da912460d76c674a23eda816eacc0bcf1011d5afebd12907,0,0,0,0,0,265,0,0,0,500
2f28a,e32f28a5d46e4ad7b3a668e2d61bc90bdccf011f94f5e93ad744945fc7f52f52,0,0,0,0,0,265,0,0,0,500
c3789,59c3789ac34668d44261e539c3ca26c81b3653504455d1c77a88294ca20daab9,0,0,0,0,0,265,0,0,0,500
07253,1907253339efc61fe88a4572a6162affa64e27c8f700f1fa7e536ab45d929cc2,1000000,0,0,0,0,268,0,0,0,500
3b799,1c3b799e9f5e2de705f6c540860e7449a0d8d08e1363b431dec747c4ec8cfcfe,0,0,0,0,0,265,0,0,0,500
aa8ea,68aa8ea122625502e2bd91076b7530dbb7c830b48f2f47bc3e8d683354884d3b,0,0,0,0,0,265,0,0,0,500
a3626,baa3626b8c235f5392d79a8160388c64a7e86fa7af8d5fc5ca2cd6b3b51d1604,0,0,0,0,0,265,0,0,0,500
e2474,3de24746d7db8db3a6ee11686819b4ed20e2f5fdb0f7cb1e387a907a2821d08e,13395900,0,13395900,0,31895,346,0,1,0,500
6451f,366451fb911462e2eac3a25b56b5907174a063b5cafa291a80afe6b78d622dd3,0,31895,0,0,31895,346,0,1,0,500
6aabd,926aabd88d0dd59c18fa52737a9c7fea389cbe0f032de9846bd9523e3202ad18,0,0,0,0,0,265,0,0,0,500
d5dc9,95d5dc9c1874a08e22d63a3e3105fc1973e227cf001a180179e1b1548330639d,0,0,0,0,0,265,0,0,0,500
d6506,0fd65068317d05ead003ce94be29023208c060071c9b4738a7990f6825798fc2,0,0,0,0,0,265,0,0,0,500
f3844,8cf384480b7707eb99ed27b17decf02bef786f23db726be4a5eae1d839954c43,0,0,0,0,0,265,0,0,0,500
eca6a,62eca6acf5738a22a4015a299bd65dd05b6701bb5bd6bd06d07542f0756eab63,0,0,0,0,0,265,0,0,0,500
60e18,7d60e18818c555bc75b96d789a21e72ae84225038b155b97d418502be2ab3370,0,0,0,0,0,265,0,0,0,500
f0b52,d3f0b52b358a26b1d9fd1de96a243e3756db059ade538b516a73492f464ed9d0,0,0,0,0,0,265,0,0,0,500
b4e1a,47b4e1a65a4d0977d92e01a59cc6a50b5329c8672853f74fed0116fbdc9721f1,27255900,0,27255900,0,64895,345,0,1,0,500
ad7ae,71ad7aead67abdc5422e0eef0c9a8831c2e9645784f5a4d442e70a8c8d32c28a,0,0,0,0,0,265,0,0,0,500
cee30,54cee306bd1d9d21304d27a32e0eee7b581947da7b2b17c94420c6c0212a707a,8576160,12297,8231160,0,31895,0,345000,1,345000,500
e4f2a,14e4f2a2ef8bc735bf8122e4908a7e164210c6a62eeaf9285c5d108c1cef0739,0,0,0,0,0,265,0,0,0,500
8559a,8c8559a25234c209103cac72c13e6d7227838b9b6ee1cca9bbc120df5abf32ff,378000,44228,0,0,44228,0,378000,1,378000,500
aa11b,1aaa11bac36b7dd7fe426d6f1ae4c707f8a866b2deeb7b153ea853a0657a0875,0,0,0,0,0,265,0,0,0,500
e5511,48e5511858fe6ffde4ddfe22f59064cde06288b78cfa370d609a7452bce53d04,0,0,0,0,0,265,0,0,0,500
1a8cd,1a1a8cdc2bdc3f7a260d1873e352720ecc51b028f009b24f7ea0fc52f417b709,0,0,0,0,0,265,0,0,0,500
c5a46,6ac5a465c848ec441165f754b05b51beecc7451f30457c739f98f4192a69f760,0,0,0,0,0,265,0,0,0,500
72a11,a872a11fcfd10c80424db4e50c3295e0a76f43bc9a35c26dc33d100be6264173,0,0,0,0,0,265,0,0,0,500
e3e2e,8fe3e2e6f844c76c2945820af128cb276d4df51b534c2fc5c3eb6569e1205418,0,0,0,0,0,265,0,0,0,500
727c3,6a727c3f37956f74257c7f9b830c11fdd88c69a55cb23e0e4b987325c9584d38,0,0,0,0,0,265,0,0,0,500
58d1e,0c58d1e6e4e0fc9638890db81088d7003cf097fdb15fe6e9f44a6f56c17690b3,0,0,0,0,0,265,0,0,0,500
8fef6,588fef6011e28c8f3a8d4100d42f2307204ad5881337aabdc0cd40461cf6927d,0,0,0,0,0,268,0,0,0,500
4ba1f,8f4ba1fee48fc73df900dd8d1fa54264a3d076227742c04881d442e21d4c1944,1000000,0,0,0,0,269,0,0,0,500
28393,c0283938e34b4116b4232f8770d1d06b789289a399537a2141affd5bc1e83f49,0,0,0,0,0,265,0,0,0,500
e8f39,14e8f39c610c031d9abf87644bc12451c75ae1443dc213d6c22dcd4b8c7008d4,0,0,0,0,0,265,0,0,0,500
d2393,d2d2393600e4f58d2defdbb8b78c8cc81351bf4883cae31f6470cbe3fab6aa72,0,0,0,0,0,265,0,0,0,500
f1af2,04f1af2e0564ea13d8cb1486a97cf5e0252492e4a8ca481d4f5df639ddba0312,0,0,0,0,0,265,0,0,0,500
da250,95da250a8c454192a50b9936736c9d40d7e4ada3d5c104b7c22a236612e1043c,0,0,0,0,0,268,0,0,0,500
32816,b732816544354e509331f1029203f1ab60b600758ab2f2f5402051008443ff42,0,0,0,0,0,265,0,0,0,500
0efc0,670efc0026ae4eba13b090a903693b3947c2a9e02e1860503659e7be79c9b262,0,0,0,0,0,280,0,0,0,500
7b784,117b7842af7bd2cf713c4d504ee34ad906ad2a0f2179098a722862a1e9e7738b,13395900,0,13395900,0,31895,345,0,1,0,500
bc91a,f0bc91ad5904fad3bafbef0c0ce08689a42e67c18a3ff2b6b3ff10f69aa5fbd6,27255900,0,27255900,0,64895,345,0,1,0,500
46c2c,e946c2cc0083818bb86710892017bf3505bbe4975cd82943f0af7e9eeb82b31c,0,0,0,0,0,265,0,0,0,500
e14c3,6fe14c3418238ef77bf57a556ce0063c5e3b6b1ef8ee9761361b9240a4c5fc9f,0,0,0,0,0,265,0,0,0,500
496ff,e0496ff1b386c54b886685a87a7d004ed48abbf7ff8097f6c60cdbf4c2371e02,0,0,0,0,0,265,0,0,0,500
0cae6,ff0cae6f435fe70d6af88a692364b2817a315e110ca76cae77940585769a3b47,0,0,0,0,0,265,0,0,0,500
783ae,96783aeb9fb2ec86a2d0020f3f3c597a1f1d5aa16fd314eecd0326970b64ddfb,0,0,0,0,0,265,0,0,0,500
ac5b4,9bac5b4215d800f994a44d8199656a3e23b1a600d71785891e5ad084ccddb602,0,0,0,0,0,265,0,0,0,500
c2e4e,4ac2e4e26a705e3016d6fffe88882462f7eccdd9550d5eadfc3a0ca9181e7b00,0,0,0,0,0,280,0,0,0,500
0cad4,8d0cad47445a4e93edc5468e9d4350d8355491dd66d6ec135af6c2099ce14b09,0,0,0,0,0,265,0,0,0,500
dec50,27dec50bc0f7bf1ec8364ce1db761328e513fc283740d01dbd1f4f34005a0315,0,0,0,0,0,283,0,0,0,500
d51b4,7cd51b4a2f80d9694ab8c44eb4e77190fada7e7408e51463d0b42f31cb0c6bbd,378000,44228,0,0,44228,0,378000,1,378000,500
77c35,e777c350061bb5bd18bd7468755c099f5024d6633d33b0ac04ff221df20e72a1,0,0,0,0,0,265,0,0,0,500
d26d7,35d26d79e1f82f2c3680c2f0546ce29ef9558b38d875835f7a6d694cd2fbfa9f,0,0,0,0,0,265,0,0,0,500
0e3a1,b10e3a13c71056a978bab6e4edee0bb1c3795954dce796b67a8b5ec76c072100,0,0,0,0,0,265,0,0,0,500
950db,73950db4991dde84af0e448b423de77ecd52a338bcb62256cb2274f4ca0713b4,0,0,0,0,0,265,0,0,0,500
25474,ee25474f05d38c4e323d0eb880d61356d4d3c0ae2d0aa15add853987a3dec613,0,0,0,0,0,265,0,0,0,500
dd0f0,0ddd0f00ae5e5ad9a76b571cba69a13acf2243d49c93598859c091ee50ad2056,13740900,0,13395900,0,31895,0,345000,1,345000,500
6510a,ae6510a87b81ba7b1208d7079bf577711370183a6379a760ab1450fe617d3b13,27255900,0,27255900,0,64895,345,0,1,0,500
f211c,5ff211c51613b848acf624a5ee28cc3460add345880e15d8ea98af2defb866bc,27255900,0,27255900,0,64895,345,0,1,0,500
8ccc8,518ccc8d279bd960ef1e230a4ff7be822ab0501c4acb12b304b5cf5ed8634c37,13395900,0,13395900,0,31895,345,0,1,0,500
d4f76,c7d4f76c17879ebf0e15b8f945be3a4a50b88b00aaf990edb54ef2271b112ad8,13520820,524,13175820,0,31895,0,345000,1,345000,500
67ba8,4567ba852b68223707d04947b5bf27ff40e01ad5298a99aa7aa5b15666d7939b,0,31895,0,0,31895,345,0,1,0,500
9065c,4a9065cb750b2d285dd34ddf6b1afe06cc0ab19d4ce2cfcce12e03b6a391d5c0,27600900,0,27255900,0,64895,0,345000,1,345000,500
7a171,597a171ee4ac27752bcac29931d72b6c373d461c8119a7f0c42b5ba1bf7197bd,1100000,0,0,0,0,0,100000,0,100000,500
44957,3544957f935734dc7d9fcec3a3822e63855e52cbf3b4c0e3f19d62373bf3d60c,13395900,0,13395900,0,31895,345,0,1,0,500
7900d,dd7900d98ebe6efcf131f4e5946659886a3ce5cbc7f6cc57a8f9b872cda5d150,13395900,0,13395900,0,31895,345,0,1,0,500
44d25,ef44d25cf1be118c9d938978a24d53813118adb38230b1ef4132d71437c1258b,1100000,0,0,0,0,0,100000,0,100000,500
e28bd,15e28bde1b25307245b9834247c496896b38ec526173dfcd8e22d2c0121a77e8,0,0,0,0,0,265,0,0,0,500
6589d,0d6589d9ea546086c5fed388653157fca7d16dd40816383b19ae4044a09a548a,0,0,0,0,0,265,0,0,0,500
d1762,bdd1762a5fb5321d527df1caa18d0bfed7c2343b8a3d9be4699252c1af9eced0,0,0,0,0,0,265,0,0,0,500
fefd0,e4fefd05f45ca4ff46e4f322b51a0a7bb68b3119b289ef9c4cb3422bfd0c75dc,0,0,0,0,0,265,0,0,0,500
c685a,74c685a5128789edce27e73ade69b0ef658b9e80a5d8f6135b601b208dadd121,0,0,0,0,0,265,0,0,0,500
1d0dc,bd1d0dc5466a13749ae690a2cd57d59035854666e646cef2592a720785b50146,0,0,0,0,0,265,0,0,0,500
dfcf2,8adfcf268cdb558942c69d11093cb706616062320e3c22eafc11934784a77df7,0,0,0,0,0,265,0,0,0,500
1beed,3a1beedd298f1f29279b474dd76325547ad2d03161af11b285bec7eeff2eea78,0,0,0,0,0,275,0,0,0,500
1162b,2c1162bbe75ab29bbedacc959f6de80918bfdba699a72b18a9f77e0e4dd281b0,13395900,0,13395900,0,31895,345,0,1,0,500
2d5bc,a22d5bca766ea563de7d93b21ae3079df68d22507aca6a5876369f9f246ffd03,0,64895,0,0,64895,345,0,1,0,500
77267,e977267294a7e3ea0c4afe3d2047a12f8b49827fe92cf09dccff1d874329e8cc,1000000,0,0,0,0,274,0,0,0,500
a122c,37a122cc45b529b94c2fa44f10a35e1369d2129c446a7a9e0a38f81371801a0f,1000000,0,0,0,0,268,0,0,0,500
64749,2764749bd7d432492ad73fc0ba9e0f8ac5d308cc56ed3c837193a9cf5795be37,0,0,0,0,0,265,0,0,0,500
bef73,18bef73e50c3b9fbccc2d49f2bee6b2e8ad519e361dc2c30d0fd574f1ae0a3f1,0,0,0,0,0,265,0,0,0,500
10880,d9108800ed77bd7783265dbeae7f212907d934a264ab6a5842db4891a67ec297,0,0,0,0,0,265,0,0,0,500
d8058,38d8058b257a546dcd1145ab1eea87a56550a69129bf72b11d1bcabe69c864b3,0,0,0,0,0,265,0,0,0,500
3d2a9,da3d2a96225d3fca069e50f79e360972fa77b533b6e933354fa0983132385e68,0,0,0,0,0,265,0,0,0,500
95aad,3195aad785b4fa891e8d81bf4dd454bb372cafab5029cda69f4b4995fbf1f28f,0,0,0,0,0,265,0,0,0,500
335fa,b0335fa60c098d972d4ea691ca2b06bd9e865d3be5ef55639dbc45318e01f824,0,0,0,0,0,265,0,0,0,500
8f383,d88f3835c915c537b27c755cb6e1597351f7236e764d140c5c554cb6ec6baaab,0,0,0,0,0,265,0,0,0,500
53397,d953397daa5ed0048c054a321089c9792a6db90a5325337f53129d1d1bc6a939,0,0,0,0,0,265,0,0,0,500
8bb82,be8bb820ee76d2b7d8021f35d6c68fc145b00e013d25c5e74a3726e60aa66dd6,0,0,0,0,0,265,0,0,0,500
d0a02,35d0a02e07b394063ce7a02510cbf8d72ad277a9ee7ea193d41874415bb2e000,0,0,0,0,0,265,0,0,0,500
5b789,155b789b2a5ed69c74f70b6ea319061a54980b5658fe8977e5cb1428391b2ee0,0,31895,0,0,31895,345,0,1,0,500
386ba,5b386ba52863e41a9d430ee82ebd89d505b1328be4991509764e446cd37531a0,0,64895,0,0,64895,345,0,1,0,500
30a02,3730a02e8241074027c1665358b07fd8386fba159b136d9c44daa098f53dcf4c,0,0,0,0,0,283,0,0,0,500
ff966,84ff966f6e4a5faf1a2499e3c960034c56d3db519873dce211973f26d947d168,0,0,0,0,0,274,0,0,0,500
a26de,42a26de8bf066e142cd6ccdffb5bc4f7e5ae790ce3e0079a8ae55d2a847dfdef,0,0,0,0,0,265,0,0,0,500
53b88,7653b88106cc8fd8e01ad8dfd55072343b3a81c26a08adf8b186a74adde145f7,0,0,0,0,0,265,0,0,0,500
34b33,7734b33f6ff0cfb2aa6b8fb3800dd3fb546da106c5789ddec4d3c70df34ae37d,0,0,0,0,0,265,0,0,0,500
44b65,8444b65734388b99fe081e9e53eecb9c4c2cef9a7f819279610f8391c7fb5a0b,0,0,0,0,0,265,0,0,0,500
e5319,0be53198b17f18efa6ac5815a6a09f92d1f54e1bdee3d806d14d7c098e4b7054,0,0,0,0,0,265,0,0,0,500
8ac8f,6b8ac8f7c426174f28fca0cad94091ab79701d2bf852c42bcf0a18300bbcfd0c,0,0,0,0,0,265,0,0,0,500
d4273,aed42731eee0cf2642f37a28576f3316aab060c312c0aae0f1f03772b92d1244,0,0,0,0,0,265,0,0,0,500
980ac,9d980ace62a42f0366062f7ad86d8886cf8e63010acdb844549388c25d9e237e,345000,31895,0,0,31895,0,345000,1,345000,500
9e1f8,dc9e1f869451899c78e66b9f2794b44a6d6fb6ddcd4975ed5a039ec980a7566d,0,64895,0,0,64895,345,0,1,0,500
9fd4a,6b9fd4a44dcfa0e7365977b92cc5306e29e6b7382455ebcae8a0db3a244029d2,0,0,0,0,0,265,0,0,0,500
23603,b323603bfbe82e6fc9a7a9debc1680e2be165a53f15b68120e14e7261b87c062,0,0,0,0,0,265,0,0,0,500
78bd2,7c78bd2089a5e9d0fd4842672c5d5026934de547c26f82ab2ebfa0663e6c61f9,0,0,0,0,0,265,0,0,0,500
881b3,e1881b3a8fbd28885be0e0e18864ddeff25ba3b7ff59a88bfa05fb674567ceff,0,0,0,0,0,268,0,0,0,500
304b9,de304b9ec585eb1f0056b27683639246441f0beb1f2f152a234717bf12573c7f,13395900,0,13395900,0,31895,345,0,1,0,500
4f864,254f8644d99a6f08953dbb99352aede8e1f0442c4069b3de214531ef35437d56,0,31895,0,0,31895,345,0,1,0,500
d9229,c2d9229e19315b9d2055b4d3b00466711e966168621e8cb7b29dfd310993f233,378000,0,0,2264,2264,0,378000,1,378000,500
7109f,4d7109f86b87f88a36babf896711a63d0634f04e328c2b27a32943ac2c003a55,13558200,435,13213200,0,31895,0,345000,1,345000,500
e23cf,e3e23cf8f44bcbf4e10e6df7acf9ec8a726179f976ea5312089e8e0ffca69935,0,0,0,0,0,265,0,0,0,500
6670d,286670d044886f6583443a6d9c568720cd2d15f8fb4ecd8496e40329f085822e,0,0,0,0,0,265,0,0,0,500
0f79b,3c0f79be0b419927a62dd3640b79feb8d26a22bd03e3282f32f9daa7faf49d6e,0,0,0,0,0,265,0,0,0,500
0ec9d,6c0ec9d12aec750aa30cb84d54a3ebc83114a271fe2d930f1fb8112630eb13cd,0,0,0,0,0,265,0,0,0,500
94410,03944109ce30d652ca260e00cf5e5d2f533babe9373ca449f4497679fc2de025,13395900,0,13395900,0,31895,345,0,1,0,500
c69a1,efc69a11fdc5d768dfeb8a8561ebf87e64007ae53fd7040506a5356d3346a0c2,0,0,0,0,0,265,0,0,0,500
743cf,e9743cfd9b2f0d65a942ef595538b654e549595a71ba9410370914b400c0e1ca,0,0,0,0,0,265,0,0,0,500
f44d9,f0f44d997e5b008b6bb8b269510a1d2626a27b9d46d1df3732f99e4ac206272f,0,0,0,0,0,283,0,0,0,500
e20d4,26e20d40882770488e70753411968a84364bb703312d8a5bcc8d8caf47ca2daa,13395900,0,13395900,0,31895,345,0,1,0,500
edb3b,beedb3b52480c4a7f8a63338dc437cc1f00a87ab8e6bf9b1bf7038d290ddda33,0,0,0,0,0,265,0,0,0,500
b0a41,a1b0a41448480109cad6eb1bff442f2c935aa5c4ee99f17bc8d5f4ee4811781d,0,0,0,0,0,265,0,0,0,500
5c736,3b5c73625b0d51f244b280c73f62ced435753a3ec65e7a78b755a23259a4ae53,0,0,0,0,0,265,0,0,0,500
8d431,078d43166cab885795bdb834d20b7e0d8fd364a4747a6734328401a108856dd1,1280000,0,0,0,0,0,280000,0,280000,500
783a3,53783a39173263c1e7ee91543f600f1dfd52c18cc08b1919d19be9dbb106ac5b,0,0,0,0,0,268,0,0,0,500
e86e3,bbe86e31456303ca84789a0d8cc0160d3f1eaae6a4dd5bf44b372048a8d36ff4,0,0,0,0,0,265,0,0,0,500
ee4a7,14ee4a7bd17c7a62b2fe65eab6e24fc717f00445e963a7b712b5598987dec74a,271000,0,0,0,0,0,271000,0,271000,500
52b80,4252b80ecdab6ce77cbf40343927b7aaf699d56b4aa842f97eadff2fd3d97a25,13395900,0,13395900,0,31895,346,0,1,0,500
20ef7,7820ef7112d1988e66a302fc78d3b6b0ea812202d2ed056e9ec0f779b751e516,0,0,0,0,0,268,0,0,0,500
452e6,e4452e6c38e0c78df43f4ed7c70bff12dcc97d1f229ceed1dcb788e0f35bd4d0,0,0,0,0,0,269,0,0,0,500
7ef3d,837ef3d03fac689add399e4702921a9eb44d7087b93a61a77287e484d01501d8,13395900,0,13395900,0,31895,345,0,1,0,500
adfd7,8eadfd750ea885df550e195e143170bf080d03645811405b58f2cf6326a3beed,0,31895,0,0,31895,345,0,1,0,500
bbed0,9dbbed0a269acc9f3a5bae31b910ec1b831bb859830c1f3cdaadeca784b5b420,0,0,0,0,0,265,0,0,0,500
4a985,7c4a9855dce894cd933e8d69b496bd48e7883f63fe24dacc2ff39c060256ab8d,0,0,0,0,0,265,0,0,0,500
524e4,7d524e45a676428ace48b25c4454e079c4f8a260499b28500fb3d87bab05b7c4,0,0,0,0,0,280,0,0,0,500
34d72,7334d722c0554b70ce5302e09e09df6b0acc45987e7922846c406aacad44310a,0,0,0,0,0,265,0,0,0,500
c9204,4fc920455d16bca508268d518b14db6e56855b14a8ca1cc8d6709f9e98e2271b,0,0,0,0,0,265,0,0,0,500
3dfda,1b3dfdacea57c4a50abf907b4a86166af7f6fc96dff5e58b6fbdc74d4b8067f1,0,31895,0,0,31895,345,0,1,0,500
673ff,a3673ff54c4b4d58de58987a85312d6c3c663bbc9e969d516c4b2eb08e6c16e9,0,0,0,0,0,280,0,0,0,500
e2127,d3e212797563d8b6b14db8e3a9675fa24692c76c00bbe56501d3a7528d9db31a,0,64895,0,0,64895,345,0,1,0,500
1f42c,6a1f42c720092e362bcf31dd773823772a5d8ee48b383cb74f617e5c12914bd2,0,0,0,0,0,268,0,0,0,500
7760f,747760f12350314a773c08f12135d7a775e3775b8d24223723603109d4be81a6,0,0,0,0,0,283,0,0,0,500
f5c5a,31f5c5a2daa3a4a62e9756b393e87561198660311a8bbad3320b5c8f72a1ff8b,13395900,0,13395900,0,31895,345,0,1,0,500
5e663,8d5e66378d1d9f2f19925a0f25d936c7cb4d36dd27847b6dc6173a5004533e37,0,0,0,0,0,265,0,0,0,500
cfe01,f9cfe013a6da996e8133234b4f9272aa56e2060087658b72678e2dc09eea48dc,0,0,0,0,0,265,0,0,0,500
ec1ad,bfec1ad7398bdb013160b21a57e68478377654dfdc318b27be34f492c9a243bd,27600900,0,27255900,0,64895,0,345000,1,345000,500
75686,ba7568638ac6e0755c62a88919265f955a88e883fb45a5993e17131bd142ec5c,13395900,0,13395900,0,31895,345,0,1,0,500
4f241,6c4f241ffa197a321fab69487c468e5b4029d6687d9c2e99676f93835bff80aa,27255900,0,27255900,0,64895,345,0,1,0,500
62a50,8262a505ebfd0596d52dac05cc44b4d637ff62abfdc0d270e1487bced9a61c71,0,31895,0,0,31895,345,0,1,0,500
ffc8c,47ffc8c1fae82c3c4f77a2ab7a3b7f43ebd8440180b25690310ce99e269ff56c,0,0,0,0,0,268,0,0,0,500
c4289,54c42891aef23e920c02a35ea57e7cd95fcce7c66c8d234ec435a713afbc0c2d,345000,64895,0,0,64895,0,345000,1,345000,500
87b68,ff87b68a3e53d4ca9ff3bfdac2bde17eca7a101a67c71a47c3ea2b498e0edb48,0,0,0,0,0,280,0,0,0,500
9874f,cd9874fc9d090b54052992fcc65201d30d352b9f84c19d911b8810dba4a5485b,0,0,0,0,0,265,0,0,0,500
9b79e,7b9b79e5ebfa778eba5239ba067c34177d7285568ef329623e6d2ca13a327482,0,0,0,0,0,265,0,0,0,500
782f7,b5782f70556984f358f610632355effb699c6a2f2a019ceab221a9bdf31172d2,268000,0,0,0,0,0,268000,0,268000,500
1b133,1f1b133ea0879564f67ae68b425899cac022472552b106462b2f58308e7c41f9,0,44228,0,0,44228,378,0,1,0,500
32e35,a532e359af1e5a809c117c84d1dfe0af8b4c78cc46f0ab6a1cd6b0351597799b,0,0,0,0,0,283,0,0,0,500
6d5e6,376d5e64318f81523c465659cc01d0b7ee3a7fd615cc6d33599e49f1384375f7,0,31895,0,0,31895,345,0,1,0,500
aea5d,6caea5d2003f93c8797574f67eda27f2e20f97aa1703b1aa52fec132a3e0108b,0,0,0,0,0,280,0,0,0,500
87902,5087902d8104ae4470d6cd893c5eab7e7cc29e0c5e0d3970cb397cf330c0092d,27600900,0,27255900,0,64895,0,345000,1,345000,500
0bc45,610bc45aa6315b1a99c6a618bcf601b00aac22d5ae10d85bca33f038f32ca3eb,0,0,0,0,0,265,0,0,0,500
c8c33,3ac8c33f696da4c96a7c369ea134f3f1b20ec38988583acd4ea13813a3362164,0,0,0,0,0,265,0,0,0,500
de4b6,dede4b6547fb827317fb3ee62920fea5924b7cfb157b9d15cd4a8eabd11f4c61,0,0,0,0,0,268,0,0,0,500
fa835,0bfa835bd37c633f0f87d01ce6208943adccae8996accc086ee19c8d6cd132cb,13741900,0,13395900,0,31895,0,346000,1,346000,500
83ff4,f283ff4614a757f56b241e9a274a8dc86fad1b3489d3c00ca6f133424478c9b1,27600900,0,27255900,0,64895,0,345000,1,345000,500
9de71,d09de7125eb9e6a78c95a277a882cdd590a712a5ec3e9d6cd344284feb99c295,13525860,512,13180860,0,31895,0,345000,1,345000,500
67867,9b67867aaa94c215b28f34350a4ff74d5c3412aaadbc23db3eb000478d4198e9,0,31895,0,0,31895,345,0,1,0,500
3209e,3e3209e1df0cdf151842214b98a514cf215269a66ff026f73807ced27e75d991,13395900,0,13395900,0,31895,345,0,1,0,500
45809,6d45809778576fd58b3ac4bfc6ec0a7b198ad4bf003cb9e996c363b56d51ec41,0,31895,0,0,31895,345,0,1,0,500
f176e,a4f176e58852435f210d642f995203f2de8f9bb0ca47399dcc0134633e4174a5,0,0,0,0,0,280,0,0,0,500
cf8ed,7bcf8edad9a88d3e89fa0bf85fbb5e977be5388db747a5223cb1a3eb70e42da9,13395900,0,13395900,0,31895,345,0,1,0,500
26669,6c26669e7a35ff7bb72b3ae56f51a41db3d429b876177cd5069d9dbd9cfc71e6,0,0,0,0,0,268,0,0,0,500
4347e,ba4347eb1afb57190f9f39b13baaa89789bd563d97d19c5451402bc7ec11e2bc,1100000,0,0,0,0,0,100000,0,100000,500
9c8b9,7d9c8b922e23323c99124c8e92ffaa626735372dafb2794cf15d72b6024588c8,13395900,0,13395900,0,31895,348,0,1,0,500
f1f8a,e2f1f8a6f9cfd7eb7a8cf0d776fc7a53012c1d072237c19ae0c228a6a41fb7a5,13733900,0,13395900,0,31895,0,338000,1,338000,500
f9494,b7f9494725c1ddc25455b8336ab6691cacc0e0b6c499c1bcd405dc7d90a33c60,0,0,0,0,0,269,0,0,0,500
d90a5,54d90a5ab9e87d96249167ae06b1aca55557f84ec1eeeedd7872cd5d6df92681,0,0,0,0,0,265,0,0,0,500
689db,6a689db2563f8ac1f356d36ad59f682c9c9daee61a7d827638febd9fcce66264,0,0,0,0,0,265,0,0,0,500
c5326,28c5326d9dca495078e46adb55e705fe26356c33db96448ecb846ecf2bf18369,0,0,0,0,0,265,0,0,0,500
fd5ea,ccfd5ea37cf1e4360f8d5bc01eba6b8360b4eb205d5a1de8c1e0560926d50ba3,1000000,0,0,0,0,268,0,0,0,500
7188a,2f7188a13c4a0dfaf102ee3bef362b676fa38600acbbe303496fdc307dbeb82f,0,0,0,0,0,265,0,0,0,500
befda,75befda525e55b8697cb70b1aea6ae90620dde6f8ac510974949a49b46fe0cfc,20915580,0,20915580,0,49799,345,0,1,0,500
33f51,6f33f515f6e7776ceb5bde0e77d4989d6e11c5666db8eafe9e8de52f41d7cf4b,0,0,0,0,0,283,0,0,0,500
6f6ff,266f6ff50828f38609ceb4c780a04942c23d68074be9424a0048060cfcebf649,0,0,0,0,0,280,0,0,0,500
8135c,7a8135cb60835402b687d54f51b81bb0d9635094ff061fb46c90f2bf9a8c72d1,0,0,0,0,0,274,0,0,0,500
d0896,54d08963221df8de1c086425ae481dedc980ecacd73b2f1782029d01b422a4c7,0,64895,0,0,64895,345,0,1,0,500
88b9b,ba88b9b6e4006bed1c55e2bd20e71a38125fc20ed8b8007532752d25dae75fea,0,64895,0,0,64895,345,0,1,0,500
34c94,0e34c94739fc1716066aa394f3a8ca5c20024a0f3634bcf02757356270e38512,13395900,0,13395900,0,31895,345,0,1,0,500
933c2,68933c2d8cdedc535c5434694ef8042bd03c4058d32780eb9cd01ce7d8f539ae,268000,0,0,0,0,0,268000,0,268000,500
3952f,ed3952fdab1006959f01868ccdcd582b1479d9226dc3da91afca4ef241bc45d9,0,0,0,0,0,280,0,0,0,500
b9549,2ab954952295070bf77db8ae7970b13d83399db5a7454d5f900e2e3ee49ff7e6,0,0,0,0,0,265,0,0,0,500
d97a4,12d97a498b1c1e6a3c238e3e10df8bb8cc7246ba7c6cc634c77cb5ecc41055fd,13395900,0,13395900,0,31895,345,0,1,0,500
a5cb9,afa5cb985aa5eea218b756ac3ad4ab262f786aed704a82aa3cbb836b4080140b,0,31895,0,0,31895,345,0,1,0,500
08e70,1308e706a03ee4c55a64434cf719a46d974b424645517035e72570b5acc85b6b,13395900,0,13395900,0,31895,345,0,1,0,500
8c929,5c8c92965c4b2dda997b841c8d7de510f647b88a4689e47867dca9aa438685a5,13639260,242,13294260,0,31895,0,345000,1,345000,500
0d30d,c30d30d68548e3c41490a381b5cda01d396ea8dd2d63e3947b156cbfee6f6549,13395900,0,13395900,0,31895,348,0,1,0,500
c38ec,d4c38ec8fe6950b5adfb068ada05a08636d986f382465598d2f2ce2e1ee670e6,0,0,0,0,0,265,0,0,0,500
c6435,75c6435dffb8e60399d7e22cfc29652dff150550eb00cc6dda054927c15332bf,0,0,0,0,0,265,0,0,0,500
4e55e,7f4e55eeb7d5e22130f4f13af682c8b266d0f747a8c99273bc68d3872a276fd3,0,31895,0,0,31895,345,0,1,0,500
01acb,4301acbea5b5734ee3945d07cb920e18f3ec2325cc0ed6586b3b0a1f808a1059,13740900,0,13395900,0,31895,0,345000,1,345000,500
06af3,a306af39a5daf8ab5d842accc25a02e2a3c9ec7410b9b6e8e8872b4a3bfcf011,13395900,0,13395900,0,31895,345,0,1,0,500
49f53,7d49f53e0677801aafcff09bd09f5e6146f3322b0204a19d3d54c7447b55d1e4,378000,0,0,2264,2264,0,378000,1,378000,500
21fc8,9421fc854b8d66c1b44758ca229dfd069b02df1fe7a9f6d6c19efbd190625c90,13395900,0,13395900,0,31895,345,0,1,0,500
d74f7,bdd74f7b89e55a1911b9a69cbe6254eb5f2a1d37c07a349a0bdc0f3a0d46c4de,0,0,0,0,0,257,0,0,0,500
5ba3b,715ba3bca1a3b3bf0b7c886d78cb6bbb84746798577a8533ce0c25cf94d8deb5,0,0,0,0,0,268,0,0,0,500
7d72b,047d72b910e57f068aea35a707d35ec6388e4f6b126ab09d586b1cdda8082aec,0,31895,0,0,31895,346,0,1,0,500
22252,fd2225271aba483afe6058fea3abc437b4e94f0ac62478d6fdca84047a3e0f29,274000,0,0,0,0,0,274000,0,274000,500
e84e1,2be84e18bbc0809dd51d8a7e837f41ff4e8dc04d05bf9c94b76c0c748792d2c5,0,31895,0,0,31895,345,0,1,0,500
ea5ce,81ea5ce1f4df575e51c09d5527a60af8b3cb697fc1ee3a37b4b3ec2c684c94ce,268000,0,0,0,0,0,268000,0,268000,500
ab2d6,d8ab2d63088394bcc9c1b1269da215d147ab336d82277457997ec9cb3ca2277e,0,0,0,0,0,265,0,0,0,500
ce87b,07ce87bac424d0cdbf739c6142950c03f1c2626124b654ca96a9f8f5c48ae8c5,0,0,0,0,0,283,0,0,0,500
f449c,77f449c7f05512e98ef38842d7f51d3e8e8533083c314175519f30d24de18367,0,31895,0,0,31895,345,0,1,0,500
